label,path
violence,dataset/Violence/747track_2.avi
notviolence,dataset/NotViolence/347track_19.avi
violence,dataset/Violence/19track_6.avi
notviolence,dataset/NotViolence/285track_8.avi
violence,dataset/Violence/156track_4.avi
notviolence,dataset/NotViolence/468track_8.avi
notviolence,dataset/NotViolence/58track_3.avi
violence,dataset/Violence/606track_273.avi
violence,dataset/Violence/66track_2.avi
violence,dataset/Violence/980track_3.avi
violence,dataset/Violence/458track_10.avi
notviolence,dataset/NotViolence/317track_2.avi
notviolence,dataset/NotViolence/637track_2.avi
violence,dataset/Violence/949track_4.avi
notviolence,dataset/NotViolence/609track_304.avi
notviolence,dataset/NotViolence/215track_5.avi
violence,dataset/Violence/647track_12.avi
notviolence,dataset/NotViolence/738track_5.avi
notviolence,dataset/NotViolence/243track_2.avi
notviolence,dataset/NotViolence/762track_2.avi
notviolence,dataset/NotViolence/6track_171.avi
violence,dataset/Violence/566track_7.avi
notviolence,dataset/NotViolence/47track_2.avi
notviolence,dataset/NotViolence/318track_1.avi
violence,dataset/Violence/864track_14.avi
violence,dataset/Violence/256track_4.avi
violence,dataset/Violence/320track_1.avi
violence,dataset/Violence/864track_1.avi
violence,dataset/Violence/279track_5.avi
notviolence,dataset/NotViolence/878track_1.avi
notviolence,dataset/NotViolence/317track_12.avi
violence,dataset/Violence/462track_1.avi
notviolence,dataset/NotViolence/388track_17.avi
notviolence,dataset/NotViolence/353track_6.avi
violence,dataset/Violence/260track_1.avi
violence,dataset/Violence/295track_1.avi
violence,dataset/Violence/712track_11.avi
notviolence,dataset/NotViolence/991track_1.avi
notviolence,dataset/NotViolence/346track_1.avi
notviolence,dataset/NotViolence/641track_14.avi
notviolence,dataset/NotViolence/197track_28.avi
violence,dataset/Violence/469track_2.avi
violence,dataset/Violence/600track_1.avi
notviolence,dataset/NotViolence/100track_14.avi
violence,dataset/Violence/439track_5.avi
notviolence,dataset/NotViolence/835track_25.avi
notviolence,dataset/NotViolence/402track_3.avi
notviolence,dataset/NotViolence/214track_7.avi
violence,dataset/Violence/607track_283.avi
violence,dataset/Violence/891track_1.avi
violence,dataset/Violence/359track_12.avi
notviolence,dataset/NotViolence/588track_12.avi
notviolence,dataset/NotViolence/183track_7.avi
notviolence,dataset/NotViolence/199track_20.avi
violence,dataset/Violence/23track_2.avi
notviolence,dataset/NotViolence/129track_8.avi
violence,dataset/Violence/960track_1.avi
notviolence,dataset/NotViolence/230track_4.avi
notviolence,dataset/NotViolence/914track_5.avi
notviolence,dataset/NotViolence/760track_3.avi
notviolence,dataset/NotViolence/348track_19.avi
violence,dataset/Violence/939track_1.avi
violence,dataset/Violence/297track_2.avi
notviolence,dataset/NotViolence/184track_3.avi
violence,dataset/Violence/427track_1.avi
notviolence,dataset/NotViolence/336track_4.avi
notviolence,dataset/NotViolence/883track_15.avi
notviolence,dataset/NotViolence/234track_6.avi
violence,dataset/Violence/804track_4.avi
violence,dataset/Violence/51track_1.avi
violence,dataset/Violence/332track_55.avi
violence,dataset/Violence/608track_1.avi
notviolence,dataset/NotViolence/639track_3.avi
violence,dataset/Violence/26track_1.avi
notviolence,dataset/NotViolence/47track_11.avi
notviolence,dataset/NotViolence/291track_5.avi
violence,dataset/Violence/775track_1.avi
notviolence,dataset/NotViolence/981track_1.avi
notviolence,dataset/NotViolence/125track_3.avi
violence,dataset/Violence/148track_1.avi
violence,dataset/Violence/204track_5.avi
violence,dataset/Violence/850track_1.avi
violence,dataset/Violence/813track_1.avi
notviolence,dataset/NotViolence/283track_12.avi
notviolence,dataset/NotViolence/862track_8.avi
notviolence,dataset/NotViolence/391track_2.avi
notviolence,dataset/NotViolence/63track_1.avi
notviolence,dataset/NotViolence/100track_4.avi
notviolence,dataset/NotViolence/625track_13.avi
notviolence,dataset/NotViolence/835track_4.avi
violence,dataset/Violence/820track_2.avi
notviolence,dataset/NotViolence/114track_4.avi
violence,dataset/Violence/244track_2.avi
violence,dataset/Violence/70track_1.avi
violence,dataset/Violence/394track_3.avi
violence,dataset/Violence/75track_4.avi
violence,dataset/Violence/884track_11.avi
notviolence,dataset/NotViolence/193track_5.avi
violence,dataset/Violence/636track_4.avi
notviolence,dataset/NotViolence/661track_7.avi
violence,dataset/Violence/51track_4.avi
notviolence,dataset/NotViolence/203track_21.avi
notviolence,dataset/NotViolence/673track_1.avi
violence,dataset/Violence/649track_5.avi
notviolence,dataset/NotViolence/359track_17.avi
notviolence,dataset/NotViolence/450track_16.avi
violence,dataset/Violence/216track_6.avi
notviolence,dataset/NotViolence/200track_10.avi
notviolence,dataset/NotViolence/593track_14.avi
violence,dataset/Violence/609track_308.avi
violence,dataset/Violence/283track_2.avi
violence,dataset/Violence/726track_2.avi
notviolence,dataset/NotViolence/864track_9.avi
notviolence,dataset/NotViolence/187track_5.avi
violence,dataset/Violence/647track_1.avi
notviolence,dataset/NotViolence/604track_10.avi
violence,dataset/Violence/885track_4.avi
notviolence,dataset/NotViolence/332track_1.avi
violence,dataset/Violence/91track_5.avi
violence,dataset/Violence/805track_3.avi
notviolence,dataset/NotViolence/332track_12.avi
notviolence,dataset/NotViolence/269track_8.avi
notviolence,dataset/NotViolence/594track_15.avi
violence,dataset/Violence/255track_4.avi
notviolence,dataset/NotViolence/515track_4.avi
notviolence,dataset/NotViolence/719track_9.avi
violence,dataset/Violence/885track_11.avi
notviolence,dataset/NotViolence/399track_1.avi
notviolence,dataset/NotViolence/100track_12.avi
violence,dataset/Violence/237track_2.avi
violence,dataset/Violence/250track_1.avi
notviolence,dataset/NotViolence/251track_2.avi
violence,dataset/Violence/716track_3.avi
violence,dataset/Violence/599track_13.avi
notviolence,dataset/NotViolence/22track_4.avi
violence,dataset/Violence/884track_2.avi
notviolence,dataset/NotViolence/289track_5.avi
notviolence,dataset/NotViolence/591track_3.avi
notviolence,dataset/NotViolence/588track_36.avi
notviolence,dataset/NotViolence/722track_1.avi
violence,dataset/Violence/294track_7.avi
notviolence,dataset/NotViolence/197track_13.avi
violence,dataset/Violence/962track_2.avi
notviolence,dataset/NotViolence/145track_16.avi
violence,dataset/Violence/67track_2.avi
notviolence,dataset/NotViolence/618track_11.avi
violence,dataset/Violence/918track_3.avi
notviolence,dataset/NotViolence/867track_1.avi
violence,dataset/Violence/474track_3.avi
notviolence,dataset/NotViolence/297track_3.avi
violence,dataset/Violence/128track_1.avi
notviolence,dataset/NotViolence/725track_3.avi
notviolence,dataset/NotViolence/5track_8.avi
violence,dataset/Violence/739track_3.avi
notviolence,dataset/NotViolence/332track_59.avi
violence,dataset/Violence/560track_2.avi
notviolence,dataset/NotViolence/2track_91.avi
notviolence,dataset/NotViolence/358track_7.avi
violence,dataset/Violence/775track_2.avi
notviolence,dataset/NotViolence/468track_7.avi
violence,dataset/Violence/844track_1.avi
violence,dataset/Violence/445track_2.avi
violence,dataset/Violence/2track_29.avi
violence,dataset/Violence/658track_1.avi
notviolence,dataset/NotViolence/866track_3.avi
notviolence,dataset/NotViolence/269track_10.avi
violence,dataset/Violence/347track_4.avi
violence,dataset/Violence/583track_15.avi
violence,dataset/Violence/893track_1.avi
notviolence,dataset/NotViolence/535track_14.avi
notviolence,dataset/NotViolence/159track_6.avi
notviolence,dataset/NotViolence/347track_6.avi
notviolence,dataset/NotViolence/277track_10.avi
notviolence,dataset/NotViolence/159track_17.avi
violence,dataset/Violence/176track_2.avi
notviolence,dataset/NotViolence/79track_4.avi
notviolence,dataset/NotViolence/725track_8.avi
violence,dataset/Violence/799track_1.avi
notviolence,dataset/NotViolence/821track_15.avi
violence,dataset/Violence/874track_4.avi
violence,dataset/Violence/496track_2.avi
violence,dataset/Violence/199track_3.avi
violence,dataset/Violence/619track_3.avi
notviolence,dataset/NotViolence/2track_10.avi
notviolence,dataset/NotViolence/203track_16.avi
notviolence,dataset/NotViolence/731track_1.avi
violence,dataset/Violence/416track_1.avi
violence,dataset/Violence/344track_2.avi
violence,dataset/Violence/399track_19.avi
notviolence,dataset/NotViolence/188track_1.avi
violence,dataset/Violence/625track_5.avi
violence,dataset/Violence/877track_6.avi
violence,dataset/Violence/586track_1.avi
notviolence,dataset/NotViolence/404track_2.avi
violence,dataset/Violence/609track_6.avi
violence,dataset/Violence/398track_1.avi
violence,dataset/Violence/478track_1.avi
violence,dataset/Violence/941track_1.avi
notviolence,dataset/NotViolence/2track_16.avi
notviolence,dataset/NotViolence/868track_1.avi
notviolence,dataset/NotViolence/625track_14.avi
notviolence,dataset/NotViolence/200track_18.avi
notviolence,dataset/NotViolence/724track_5.avi
notviolence,dataset/NotViolence/348track_8.avi
violence,dataset/Violence/607track_5.avi
notviolence,dataset/NotViolence/251track_5.avi
violence,dataset/Violence/393track_4.avi
notviolence,dataset/NotViolence/332track_124.avi
notviolence,dataset/NotViolence/886track_10.avi
violence,dataset/Violence/953track_1.avi
notviolence,dataset/NotViolence/451track_9.avi
notviolence,dataset/NotViolence/433track_3.avi
violence,dataset/Violence/748track_4.avi
violence,dataset/Violence/741track_2.avi
notviolence,dataset/NotViolence/835track_26.avi
notviolence,dataset/NotViolence/498track_13.avi
notviolence,dataset/NotViolence/25track_2.avi
violence,dataset/Violence/352track_3.avi
violence,dataset/Violence/221track_3.avi
violence,dataset/Violence/254track_4.avi
violence,dataset/Violence/974track_1.avi
violence,dataset/Violence/848track_4.avi
violence,dataset/Violence/353track_2.avi
violence,dataset/Violence/962track_1.avi
notviolence,dataset/NotViolence/585track_6.avi
violence,dataset/Violence/607track_282.avi
violence,dataset/Violence/661track_9.avi
notviolence,dataset/NotViolence/454track_1.avi
violence,dataset/Violence/597track_4.avi
notviolence,dataset/NotViolence/534track_2.avi
violence,dataset/Violence/767track_1.avi
notviolence,dataset/NotViolence/680track_11.avi
violence,dataset/Violence/319track_1.avi
violence,dataset/Violence/430track_3.avi
notviolence,dataset/NotViolence/204track_16.avi
notviolence,dataset/NotViolence/4track_11.avi
violence,dataset/Violence/629track_2.avi
notviolence,dataset/NotViolence/814track_8.avi
violence,dataset/Violence/389track_1.avi
violence,dataset/Violence/292track_3.avi
violence,dataset/Violence/151track_1.avi
violence,dataset/Violence/172track_1.avi
violence,dataset/Violence/653track_10.avi
notviolence,dataset/NotViolence/4track_10.avi
notviolence,dataset/NotViolence/704track_3.avi
violence,dataset/Violence/150track_3.avi
notviolence,dataset/NotViolence/204track_8.avi
violence,dataset/Violence/566track_1.avi
notviolence,dataset/NotViolence/451track_5.avi
notviolence,dataset/NotViolence/590track_3.avi
violence,dataset/Violence/210track_6.avi
violence,dataset/Violence/819track_3.avi
notviolence,dataset/NotViolence/635track_9.avi
notviolence,dataset/NotViolence/537track_9.avi
notviolence,dataset/NotViolence/197track_23.avi
notviolence,dataset/NotViolence/239track_1.avi
notviolence,dataset/NotViolence/236track_1.avi
notviolence,dataset/NotViolence/121track_10.avi
violence,dataset/Violence/618track_18.avi
notviolence,dataset/NotViolence/483track_6.avi
violence,dataset/Violence/64track_1.avi
notviolence,dataset/NotViolence/636track_1.avi
notviolence,dataset/NotViolence/594track_11.avi
notviolence,dataset/NotViolence/286track_5.avi
violence,dataset/Violence/933track_12.avi
notviolence,dataset/NotViolence/269track_12.avi
notviolence,dataset/NotViolence/369track_6.avi
notviolence,dataset/NotViolence/668track_15.avi
violence,dataset/Violence/285track_4.avi
violence,dataset/Violence/176track_3.avi
notviolence,dataset/NotViolence/22track_1.avi
violence,dataset/Violence/393track_2.avi
violence,dataset/Violence/183track_8.avi
violence,dataset/Violence/473track_3.avi
notviolence,dataset/NotViolence/736track_2.avi
violence,dataset/Violence/591track_2.avi
notviolence,dataset/NotViolence/496track_3.avi
notviolence,dataset/NotViolence/202track_9.avi
notviolence,dataset/NotViolence/261track_5.avi
notviolence,dataset/NotViolence/279track_20.avi
violence,dataset/Violence/229track_1.avi
violence,dataset/Violence/603track_12.avi
notviolence,dataset/NotViolence/554track_2.avi
violence,dataset/Violence/679track_10.avi
violence,dataset/Violence/443track_2.avi
violence,dataset/Violence/843track_6.avi
notviolence,dataset/NotViolence/847track_14.avi
violence,dataset/Violence/644track_8.avi
violence,dataset/Violence/153track_2.avi
violence,dataset/Violence/926track_1.avi
violence,dataset/Violence/858track_1.avi
notviolence,dataset/NotViolence/332track_14.avi
notviolence,dataset/NotViolence/536track_3.avi
notviolence,dataset/NotViolence/289track_18.avi
notviolence,dataset/NotViolence/461track_1.avi
violence,dataset/Violence/326track_1.avi
notviolence,dataset/NotViolence/332track_36.avi
violence,dataset/Violence/727track_1.avi
violence,dataset/Violence/586track_5.avi
notviolence,dataset/NotViolence/332track_102.avi
notviolence,dataset/NotViolence/738track_2.avi
violence,dataset/Violence/360track_1.avi
notviolence,dataset/NotViolence/529track_17.avi
notviolence,dataset/NotViolence/641track_7.avi
notviolence,dataset/NotViolence/591track_18.avi
violence,dataset/Violence/335track_5.avi
violence,dataset/Violence/427track_2.avi
notviolence,dataset/NotViolence/433track_16.avi
violence,dataset/Violence/458track_1.avi
violence,dataset/Violence/565track_10.avi
violence,dataset/Violence/613track_5.avi
violence,dataset/Violence/952track_2.avi
violence,dataset/Violence/261track_1.avi
violence,dataset/Violence/560track_1.avi
notviolence,dataset/NotViolence/618track_1.avi
notviolence,dataset/NotViolence/2track_17.avi
violence,dataset/Violence/193track_4.avi
notviolence,dataset/NotViolence/100track_9.avi
notviolence,dataset/NotViolence/565track_17.avi
violence,dataset/Violence/204track_1.avi
notviolence,dataset/NotViolence/220track_4.avi
violence,dataset/Violence/606track_268.avi
violence,dataset/Violence/324track_6.avi
notviolence,dataset/NotViolence/679track_8.avi
violence,dataset/Violence/660track_3.avi
notviolence,dataset/NotViolence/6track_185.avi
notviolence,dataset/NotViolence/288track_12.avi
notviolence,dataset/NotViolence/557track_8.avi
violence,dataset/Violence/618track_3.avi
violence,dataset/Violence/556track_257.avi
notviolence,dataset/NotViolence/886track_11.avi
notviolence,dataset/NotViolence/580track_3.avi
violence,dataset/Violence/256track_7.avi
violence,dataset/Violence/376track_2.avi
notviolence,dataset/NotViolence/9track_6.avi
notviolence,dataset/NotViolence/644track_9.avi
notviolence,dataset/NotViolence/99track_1.avi
notviolence,dataset/NotViolence/584track_3.avi
notviolence,dataset/NotViolence/5track_1.avi
violence,dataset/Violence/123track_3.avi
violence,dataset/Violence/348track_3.avi
notviolence,dataset/NotViolence/256track_10.avi
notviolence,dataset/NotViolence/295track_3.avi
violence,dataset/Violence/874track_9.avi
notviolence,dataset/NotViolence/450track_20.avi
violence,dataset/Violence/760track_2.avi
violence,dataset/Violence/187track_1.avi
notviolence,dataset/NotViolence/84track_1.avi
violence,dataset/Violence/354track_2.avi
notviolence,dataset/NotViolence/644track_18.avi
notviolence,dataset/NotViolence/462track_10.avi
notviolence,dataset/NotViolence/230track_11.avi
violence,dataset/Violence/233track_2.avi
violence,dataset/Violence/406track_4.avi
violence,dataset/Violence/592track_1.avi
notviolence,dataset/NotViolence/586track_13.avi
notviolence,dataset/NotViolence/455track_13.avi
violence,dataset/Violence/260track_2.avi
notviolence,dataset/NotViolence/945track_3.avi
notviolence,dataset/NotViolence/286track_8.avi
violence,dataset/Violence/337track_2.avi
notviolence,dataset/NotViolence/332track_60.avi
notviolence,dataset/NotViolence/199track_22.avi
notviolence,dataset/NotViolence/388track_13.avi
notviolence,dataset/NotViolence/114track_1.avi
violence,dataset/Violence/629track_1.avi
violence,dataset/Violence/709track_1.avi
violence,dataset/Violence/88track_2.avi
notviolence,dataset/NotViolence/450track_15.avi
violence,dataset/Violence/726track_1.avi
notviolence,dataset/NotViolence/636track_11.avi
violence,dataset/Violence/360track_2.avi
violence,dataset/Violence/276track_3.avi
violence,dataset/Violence/469track_1.avi
violence,dataset/Violence/216track_9.avi
violence,dataset/Violence/126track_1.avi
notviolence,dataset/NotViolence/587track_44.avi
violence,dataset/Violence/719track_5.avi
violence,dataset/Violence/778track_2.avi
violence,dataset/Violence/832track_7.avi
violence,dataset/Violence/863track_11.avi
violence,dataset/Violence/247track_2.avi
violence,dataset/Violence/324track_1.avi
violence,dataset/Violence/451track_7.avi
notviolence,dataset/NotViolence/415track_1.avi
notviolence,dataset/NotViolence/256track_5.avi
notviolence,dataset/NotViolence/433track_4.avi
notviolence,dataset/NotViolence/6track_141.avi
violence,dataset/Violence/636track_6.avi
violence,dataset/Violence/457track_3.avi
violence,dataset/Violence/214track_1.avi
notviolence,dataset/NotViolence/607track_10.avi
notviolence,dataset/NotViolence/54track_5.avi
violence,dataset/Violence/613track_6.avi
notviolence,dataset/NotViolence/524track_2.avi
violence,dataset/Violence/278track_2.avi
notviolence,dataset/NotViolence/588track_32.avi
violence,dataset/Violence/340track_2.avi
violence,dataset/Violence/469track_3.avi
notviolence,dataset/NotViolence/945track_8.avi
violence,dataset/Violence/372track_2.avi
notviolence,dataset/NotViolence/9track_4.avi
notviolence,dataset/NotViolence/608track_12.avi
notviolence,dataset/NotViolence/768track_9.avi
violence,dataset/Violence/239track_4.avi
notviolence,dataset/NotViolence/49track_2.avi
notviolence,dataset/NotViolence/688track_1.avi
notviolence,dataset/NotViolence/51track_15.avi
violence,dataset/Violence/243track_11.avi
violence,dataset/Violence/424track_2.avi
violence,dataset/Violence/816track_5.avi
notviolence,dataset/NotViolence/738track_4.avi
notviolence,dataset/NotViolence/2track_96.avi
violence,dataset/Violence/334track_2.avi
violence,dataset/Violence/436track_1.avi
notviolence,dataset/NotViolence/717track_1.avi
violence,dataset/Violence/599track_12.avi
notviolence,dataset/NotViolence/69track_8.avi
violence,dataset/Violence/635track_11.avi
notviolence,dataset/NotViolence/483track_14.avi
notviolence,dataset/NotViolence/643track_5.avi
violence,dataset/Violence/23track_1.avi
notviolence,dataset/NotViolence/23track_7.avi
violence,dataset/Violence/523track_1.avi
violence,dataset/Violence/580track_13.avi
notviolence,dataset/NotViolence/933track_9.avi
notviolence,dataset/NotViolence/254track_2.avi
notviolence,dataset/NotViolence/254track_1.avi
violence,dataset/Violence/209track_3.avi
notviolence,dataset/NotViolence/538track_25.avi
notviolence,dataset/NotViolence/912track_9.avi
violence,dataset/Violence/319track_2.avi
notviolence,dataset/NotViolence/450track_21.avi
notviolence,dataset/NotViolence/99track_9.avi
notviolence,dataset/NotViolence/530track_1.avi
notviolence,dataset/NotViolence/129track_10.avi
notviolence,dataset/NotViolence/336track_8.avi
notviolence,dataset/NotViolence/738track_6.avi
notviolence,dataset/NotViolence/200track_11.avi
notviolence,dataset/NotViolence/140track_1.avi
violence,dataset/Violence/587track_10.avi
notviolence,dataset/NotViolence/739track_9.avi
violence,dataset/Violence/359track_9.avi
notviolence,dataset/NotViolence/406track_11.avi
violence,dataset/Violence/862track_16.avi
violence,dataset/Violence/147track_1.avi
notviolence,dataset/NotViolence/630track_10.avi
notviolence,dataset/NotViolence/332track_68.avi
notviolence,dataset/NotViolence/473track_1.avi
violence,dataset/Violence/252track_3.avi
violence,dataset/Violence/237track_3.avi
violence,dataset/Violence/406track_1.avi
violence,dataset/Violence/787track_1.avi
violence,dataset/Violence/20track_4.avi
violence,dataset/Violence/320track_3.avi
notviolence,dataset/NotViolence/732track_2.avi
notviolence,dataset/NotViolence/317track_8.avi
notviolence,dataset/NotViolence/529track_4.avi
notviolence,dataset/NotViolence/283track_5.avi
notviolence,dataset/NotViolence/348track_17.avi
notviolence,dataset/NotViolence/868track_4.avi
notviolence,dataset/NotViolence/145track_1.avi
violence,dataset/Violence/314track_3.avi
notviolence,dataset/NotViolence/468track_6.avi
notviolence,dataset/NotViolence/586track_16.avi
violence,dataset/Violence/359track_1.avi
notviolence,dataset/NotViolence/291track_3.avi
notviolence,dataset/NotViolence/283track_14.avi
violence,dataset/Violence/841track_4.avi
notviolence,dataset/NotViolence/332track_84.avi
violence,dataset/Violence/455track_12.avi
notviolence,dataset/NotViolence/462track_11.avi
notviolence,dataset/NotViolence/623track_7.avi
notviolence,dataset/NotViolence/288track_2.avi
violence,dataset/Violence/733track_2.avi
notviolence,dataset/NotViolence/278track_1.avi
notviolence,dataset/NotViolence/675track_4.avi
violence,dataset/Violence/322track_2.avi
violence,dataset/Violence/635track_1.avi
violence,dataset/Violence/393track_1.avi
violence,dataset/Violence/585track_23.avi
violence,dataset/Violence/230track_6.avi
violence,dataset/Violence/678track_1.avi
notviolence,dataset/NotViolence/595track_5.avi
violence,dataset/Violence/410track_1.avi
notviolence,dataset/NotViolence/348track_14.avi
violence,dataset/Violence/849track_3.avi
notviolence,dataset/NotViolence/289track_6.avi
notviolence,dataset/NotViolence/637track_6.avi
violence,dataset/Violence/170track_1.avi
notviolence,dataset/NotViolence/305track_12.avi
notviolence,dataset/NotViolence/116track_24.avi
notviolence,dataset/NotViolence/884track_9.avi
notviolence,dataset/NotViolence/451track_12.avi
violence,dataset/Violence/999track_1.avi
notviolence,dataset/NotViolence/604track_11.avi
violence,dataset/Violence/636track_3.avi
notviolence,dataset/NotViolence/618track_7.avi
violence,dataset/Violence/462track_9.avi
violence,dataset/Violence/274track_2.avi
notviolence,dataset/NotViolence/629track_14.avi
notviolence,dataset/NotViolence/900track_1.avi
notviolence,dataset/NotViolence/308track_4.avi
violence,dataset/Violence/721track_4.avi
notviolence,dataset/NotViolence/159track_9.avi
notviolence,dataset/NotViolence/256track_12.avi
notviolence,dataset/NotViolence/100track_2.avi
notviolence,dataset/NotViolence/704track_12.avi
notviolence,dataset/NotViolence/341track_1.avi
violence,dataset/Violence/347track_14.avi
violence,dataset/Violence/829track_1.avi
violence,dataset/Violence/365track_1.avi
notviolence,dataset/NotViolence/242track_2.avi
notviolence,dataset/NotViolence/267track_5.avi
violence,dataset/Violence/334track_1.avi
notviolence,dataset/NotViolence/247track_1.avi
violence,dataset/Violence/19track_2.avi
violence,dataset/Violence/763track_3.avi
notviolence,dataset/NotViolence/617track_8.avi
notviolence,dataset/NotViolence/171track_2.avi
notviolence,dataset/NotViolence/672track_1.avi
violence,dataset/Violence/243track_8.avi
notviolence,dataset/NotViolence/461track_4.avi
violence,dataset/Violence/670track_15.avi
notviolence,dataset/NotViolence/203track_12.avi
violence,dataset/Violence/865track_11.avi
violence,dataset/Violence/528track_1.avi
violence,dataset/Violence/609track_305.avi
notviolence,dataset/NotViolence/221track_1.avi
notviolence,dataset/NotViolence/207track_5.avi
notviolence,dataset/NotViolence/433track_8.avi
notviolence,dataset/NotViolence/285track_2.avi
violence,dataset/Violence/635track_2.avi
violence,dataset/Violence/956track_1.avi
violence,dataset/Violence/639track_2.avi
notviolence,dataset/NotViolence/725track_9.avi
violence,dataset/Violence/125track_1.avi
notviolence,dataset/NotViolence/223track_1.avi
violence,dataset/Violence/732track_5.avi
notviolence,dataset/NotViolence/213track_1.avi
notviolence,dataset/NotViolence/865track_9.avi
notviolence,dataset/NotViolence/945track_6.avi
notviolence,dataset/NotViolence/4track_16.avi
notviolence,dataset/NotViolence/589track_14.avi
notviolence,dataset/NotViolence/116track_15.avi
violence,dataset/Violence/343track_10.avi
violence,dataset/Violence/352track_4.avi
violence,dataset/Violence/340track_1.avi
violence,dataset/Violence/905track_9.avi
notviolence,dataset/NotViolence/142track_6.avi
notviolence,dataset/NotViolence/348track_16.avi
violence,dataset/Violence/704track_14.avi
notviolence,dataset/NotViolence/53track_1.avi
notviolence,dataset/NotViolence/583track_4.avi
violence,dataset/Violence/607track_1.avi
notviolence,dataset/NotViolence/603track_20.avi
notviolence,dataset/NotViolence/534track_13.avi
notviolence,dataset/NotViolence/204track_19.avi
violence,dataset/Violence/923track_1.avi
violence,dataset/Violence/118track_2.avi
notviolence,dataset/NotViolence/216track_8.avi
violence,dataset/Violence/534track_7.avi
violence,dataset/Violence/394track_1.avi
violence,dataset/Violence/648track_11.avi
violence,dataset/Violence/343track_14.avi
notviolence,dataset/NotViolence/395track_3.avi
notviolence,dataset/NotViolence/216track_3.avi
notviolence,dataset/NotViolence/884track_1.avi
notviolence,dataset/NotViolence/399track_3.avi
notviolence,dataset/NotViolence/289track_2.avi
violence,dataset/Violence/372track_19.avi
violence,dataset/Violence/725track_1.avi
notviolence,dataset/NotViolence/298track_7.avi
violence,dataset/Violence/589track_13.avi
notviolence,dataset/NotViolence/458track_6.avi
notviolence,dataset/NotViolence/360track_13.avi
violence,dataset/Violence/2track_87.avi
notviolence,dataset/NotViolence/961track_6.avi
violence,dataset/Violence/852track_1.avi
violence,dataset/Violence/857track_1.avi
notviolence,dataset/NotViolence/114track_6.avi
notviolence,dataset/NotViolence/52track_5.avi
notviolence,dataset/NotViolence/184track_4.avi
violence,dataset/Violence/114track_14.avi
violence,dataset/Violence/343track_25.avi
violence,dataset/Violence/33track_1.avi
violence,dataset/Violence/416track_4.avi
violence,dataset/Violence/202track_3.avi
notviolence,dataset/NotViolence/585track_19.avi
violence,dataset/Violence/20track_6.avi
notviolence,dataset/NotViolence/283track_3.avi
violence,dataset/Violence/886track_7.avi
notviolence,dataset/NotViolence/810track_3.avi
notviolence,dataset/NotViolence/399track_12.avi
violence,dataset/Violence/206track_2.avi
notviolence,dataset/NotViolence/305track_15.avi
notviolence,dataset/NotViolence/734track_10.avi
notviolence,dataset/NotViolence/821track_5.avi
violence,dataset/Violence/652track_2.avi
notviolence,dataset/NotViolence/883track_14.avi
violence,dataset/Violence/897track_1.avi
violence,dataset/Violence/789track_2.avi
violence,dataset/Violence/594track_2.avi
notviolence,dataset/NotViolence/483track_17.avi
violence,dataset/Violence/668track_16.avi
notviolence,dataset/NotViolence/968track_1.avi
notviolence,dataset/NotViolence/202track_13.avi
violence,dataset/Violence/584track_7.avi
violence,dataset/Violence/197track_30.avi
notviolence,dataset/NotViolence/321track_15.avi
notviolence,dataset/NotViolence/885track_18.avi
notviolence,dataset/NotViolence/295track_4.avi
notviolence,dataset/NotViolence/533track_3.avi
notviolence,dataset/NotViolence/332track_76.avi
notviolence,dataset/NotViolence/288track_13.avi
violence,dataset/Violence/580track_10.avi
notviolence,dataset/NotViolence/332track_92.avi
notviolence,dataset/NotViolence/69track_7.avi
violence,dataset/Violence/494track_3.avi
notviolence,dataset/NotViolence/835track_22.avi
notviolence,dataset/NotViolence/717track_6.avi
notviolence,dataset/NotViolence/283track_13.avi
violence,dataset/Violence/857track_2.avi
violence,dataset/Violence/178track_2.avi
violence,dataset/Violence/169track_1.avi
violence,dataset/Violence/877track_1.avi
notviolence,dataset/NotViolence/498track_17.avi
violence,dataset/Violence/812track_2.avi
notviolence,dataset/NotViolence/203track_17.avi
notviolence,dataset/NotViolence/204track_12.avi
violence,dataset/Violence/511track_2.avi
violence,dataset/Violence/731track_8.avi
notviolence,dataset/NotViolence/267track_7.avi
notviolence,dataset/NotViolence/449track_6.avi
violence,dataset/Violence/655track_16.avi
violence,dataset/Violence/253track_4.avi
violence,dataset/Violence/909track_1.avi
notviolence,dataset/NotViolence/243track_5.avi
violence,dataset/Violence/586track_15.avi
violence,dataset/Violence/369track_4.avi
violence,dataset/Violence/570track_8.avi
notviolence,dataset/NotViolence/909track_2.avi
notviolence,dataset/NotViolence/332track_37.avi
violence,dataset/Violence/250track_14.avi
violence,dataset/Violence/586track_29.avi
violence,dataset/Violence/9track_1.avi
violence,dataset/Violence/594track_18.avi
violence,dataset/Violence/54track_1.avi
violence,dataset/Violence/341track_2.avi
notviolence,dataset/NotViolence/588track_37.avi
notviolence,dataset/NotViolence/603track_2.avi
violence,dataset/Violence/162track_2.avi
notviolence,dataset/NotViolence/388track_2.avi
notviolence,dataset/NotViolence/715track_1.avi
violence,dataset/Violence/254track_3.avi
notviolence,dataset/NotViolence/52track_8.avi
notviolence,dataset/NotViolence/294track_10.avi
notviolence,dataset/NotViolence/230track_1.avi
violence,dataset/Violence/230track_5.avi
notviolence,dataset/NotViolence/159track_14.avi
notviolence,dataset/NotViolence/979track_5.avi
notviolence,dataset/NotViolence/591track_6.avi
violence,dataset/Violence/298track_5.avi
violence,dataset/Violence/513track_2.avi
notviolence,dataset/NotViolence/47track_6.avi
notviolence,dataset/NotViolence/608track_281.avi
notviolence,dataset/NotViolence/6track_146.avi
notviolence,dataset/NotViolence/356track_2.avi
notviolence,dataset/NotViolence/317track_3.avi
violence,dataset/Violence/124track_4.avi
notviolence,dataset/NotViolence/511track_17.avi
notviolence,dataset/NotViolence/669track_8.avi
violence,dataset/Violence/372track_11.avi
violence,dataset/Violence/575track_7.avi
notviolence,dataset/NotViolence/835track_30.avi
notviolence,dataset/NotViolence/359track_11.avi
violence,dataset/Violence/193track_26.avi
violence,dataset/Violence/977track_2.avi
notviolence,dataset/NotViolence/104track_3.avi
notviolence,dataset/NotViolence/244track_4.avi
violence,dataset/Violence/306track_3.avi
violence,dataset/Violence/84track_2.avi
violence,dataset/Violence/910track_1.avi
violence,dataset/Violence/865track_18.avi
notviolence,dataset/NotViolence/332track_46.avi
violence,dataset/Violence/866track_1.avi
notviolence,dataset/NotViolence/332track_109.avi
violence,dataset/Violence/422track_1.avi
notviolence,dataset/NotViolence/6track_177.avi
notviolence,dataset/NotViolence/451track_3.avi
notviolence,dataset/NotViolence/67track_1.avi
violence,dataset/Violence/455track_2.avi
violence,dataset/Violence/188track_2.avi
notviolence,dataset/NotViolence/321track_13.avi
violence,dataset/Violence/130track_4.avi
notviolence,dataset/NotViolence/159track_21.avi
violence,dataset/Violence/682track_1.avi
notviolence,dataset/NotViolence/700track_1.avi
violence,dataset/Violence/371track_5.avi
violence,dataset/Violence/267track_4.avi
notviolence,dataset/NotViolence/916track_5.avi
notviolence,dataset/NotViolence/189track_2.avi
violence,dataset/Violence/641track_11.avi
notviolence,dataset/NotViolence/260track_7.avi
violence,dataset/Violence/33track_2.avi
violence,dataset/Violence/255track_3.avi
notviolence,dataset/NotViolence/660track_1.avi
notviolence,dataset/NotViolence/314track_5.avi
notviolence,dataset/NotViolence/977track_6.avi
notviolence,dataset/NotViolence/347track_28.avi
notviolence,dataset/NotViolence/100track_1.avi
notviolence,dataset/NotViolence/127track_5.avi
notviolence,dataset/NotViolence/498track_3.avi
notviolence,dataset/NotViolence/587track_2.avi
violence,dataset/Violence/82track_1.avi
notviolence,dataset/NotViolence/933track_10.avi
violence,dataset/Violence/473track_4.avi
notviolence,dataset/NotViolence/242track_4.avi
violence,dataset/Violence/318track_11.avi
notviolence,dataset/NotViolence/318track_10.avi
violence,dataset/Violence/261track_2.avi
notviolence,dataset/NotViolence/844track_7.avi
violence,dataset/Violence/587track_6.avi
violence,dataset/Violence/395track_1.avi
violence,dataset/Violence/963track_15.avi
notviolence,dataset/NotViolence/740track_6.avi
violence,dataset/Violence/592track_9.avi
violence,dataset/Violence/985track_15.avi
notviolence,dataset/NotViolence/204track_11.avi
notviolence,dataset/NotViolence/99track_6.avi
notviolence,dataset/NotViolence/805track_1.avi
violence,dataset/Violence/635track_7.avi
notviolence,dataset/NotViolence/253track_3.avi
violence,dataset/Violence/445track_253.avi
violence,dataset/Violence/682track_4.avi
notviolence,dataset/NotViolence/586track_4.avi
notviolence,dataset/NotViolence/741track_5.avi
notviolence,dataset/NotViolence/6track_131.avi
notviolence,dataset/NotViolence/2track_11.avi
notviolence,dataset/NotViolence/285track_10.avi
violence,dataset/Violence/682track_8.avi
violence,dataset/Violence/14track_2.avi
notviolence,dataset/NotViolence/669track_2.avi
violence,dataset/Violence/720track_1.avi
violence,dataset/Violence/328track_5.avi
notviolence,dataset/NotViolence/306track_4.avi
violence,dataset/Violence/593track_9.avi
notviolence,dataset/NotViolence/559track_9.avi
notviolence,dataset/NotViolence/594track_20.avi
notviolence,dataset/NotViolence/981track_9.avi
notviolence,dataset/NotViolence/129track_5.avi
notviolence,dataset/NotViolence/606track_3.avi
violence,dataset/Violence/830track_2.avi
violence,dataset/Violence/431track_2.avi
notviolence,dataset/NotViolence/13track_14.avi
notviolence,dataset/NotViolence/707track_1.avi
violence,dataset/Violence/385track_1.avi
violence,dataset/Violence/864track_3.avi
violence,dataset/Violence/570track_1.avi
violence,dataset/Violence/128track_2.avi
notviolence,dataset/NotViolence/151track_2.avi
violence,dataset/Violence/772track_10.avi
violence,dataset/Violence/672track_2.avi
notviolence,dataset/NotViolence/332track_77.avi
notviolence,dataset/NotViolence/13track_2.avi
notviolence,dataset/NotViolence/648track_5.avi
notviolence,dataset/NotViolence/332track_97.avi
notviolence,dataset/NotViolence/557track_3.avi
notviolence,dataset/NotViolence/689track_1.avi
notviolence,dataset/NotViolence/219track_3.avi
notviolence,dataset/NotViolence/255track_9.avi
violence,dataset/Violence/974track_22.avi
violence,dataset/Violence/348track_6.avi
violence,dataset/Violence/586track_10.avi
notviolence,dataset/NotViolence/228track_2.avi
violence,dataset/Violence/637track_1.avi
violence,dataset/Violence/905track_1.avi
notviolence,dataset/NotViolence/260track_9.avi
violence,dataset/Violence/353track_1.avi
violence,dataset/Violence/198track_24.avi
notviolence,dataset/NotViolence/886track_1.avi
notviolence,dataset/NotViolence/594track_5.avi
notviolence,dataset/NotViolence/130track_1.avi
violence,dataset/Violence/750track_2.avi
violence,dataset/Violence/2track_46.avi
notviolence,dataset/NotViolence/243track_10.avi
violence,dataset/Violence/672track_4.avi
violence,dataset/Violence/713track_1.avi
notviolence,dataset/NotViolence/599track_2.avi
violence,dataset/Violence/587track_18.avi
notviolence,dataset/NotViolence/588track_10.avi
notviolence,dataset/NotViolence/415track_3.avi
notviolence,dataset/NotViolence/588track_18.avi
notviolence,dataset/NotViolence/193track_27.avi
notviolence,dataset/NotViolence/244track_9.avi
notviolence,dataset/NotViolence/377track_1.avi
violence,dataset/Violence/336track_2.avi
notviolence,dataset/NotViolence/6track_147.avi
notviolence,dataset/NotViolence/353track_4.avi
notviolence,dataset/NotViolence/617track_13.avi
notviolence,dataset/NotViolence/858track_6.avi
notviolence,dataset/NotViolence/625track_3.avi
violence,dataset/Violence/343track_21.avi
notviolence,dataset/NotViolence/585track_9.avi
violence,dataset/Violence/453track_3.avi
violence,dataset/Violence/5track_7.avi
violence,dataset/Violence/237track_4.avi
notviolence,dataset/NotViolence/6track_155.avi
notviolence,dataset/NotViolence/814track_2.avi
violence,dataset/Violence/139track_4.avi
violence,dataset/Violence/210track_4.avi
violence,dataset/Violence/77track_6.avi
violence,dataset/Violence/385track_2.avi
notviolence,dataset/NotViolence/121track_4.avi
notviolence,dataset/NotViolence/633track_5.avi
violence,dataset/Violence/143track_2.avi
violence,dataset/Violence/457track_5.avi
notviolence,dataset/NotViolence/199track_19.avi
notviolence,dataset/NotViolence/249track_1.avi
violence,dataset/Violence/347track_34.avi
notviolence,dataset/NotViolence/336track_19.avi
violence,dataset/Violence/247track_9.avi
notviolence,dataset/NotViolence/835track_29.avi
notviolence,dataset/NotViolence/862track_12.avi
violence,dataset/Violence/613track_1.avi
violence,dataset/Violence/347track_10.avi
notviolence,dataset/NotViolence/661track_1.avi
violence,dataset/Violence/304track_1.avi
notviolence,dataset/NotViolence/121track_1.avi
notviolence,dataset/NotViolence/605track_11.avi
violence,dataset/Violence/591track_12.avi
notviolence,dataset/NotViolence/269track_3.avi
violence,dataset/Violence/912track_6.avi
notviolence,dataset/NotViolence/923track_3.avi
notviolence,dataset/NotViolence/197track_17.avi
notviolence,dataset/NotViolence/617track_4.avi
notviolence,dataset/NotViolence/594track_14.avi
violence,dataset/Violence/834track_1.avi
notviolence,dataset/NotViolence/534track_6.avi
notviolence,dataset/NotViolence/589track_27.avi
violence,dataset/Violence/810track_1.avi
notviolence,dataset/NotViolence/279track_16.avi
notviolence,dataset/NotViolence/885track_14.avi
notviolence,dataset/NotViolence/844track_12.avi
violence,dataset/Violence/588track_3.avi
notviolence,dataset/NotViolence/336track_1.avi
notviolence,dataset/NotViolence/663track_1.avi
notviolence,dataset/NotViolence/719track_2.avi
notviolence,dataset/NotViolence/725track_4.avi
notviolence,dataset/NotViolence/399track_15.avi
violence,dataset/Violence/897track_2.avi
notviolence,dataset/NotViolence/19track_3.avi
violence,dataset/Violence/155track_6.avi
violence,dataset/Violence/68track_1.avi
notviolence,dataset/NotViolence/305track_5.avi
notviolence,dataset/NotViolence/647track_6.avi
notviolence,dataset/NotViolence/279track_24.avi
violence,dataset/Violence/513track_16.avi
violence,dataset/Violence/675track_1.avi
notviolence,dataset/NotViolence/225track_9.avi
notviolence,dataset/NotViolence/314track_1.avi
notviolence,dataset/NotViolence/717track_7.avi
notviolence,dataset/NotViolence/320track_8.avi
notviolence,dataset/NotViolence/306track_13.avi
violence,dataset/Violence/359track_6.avi
notviolence,dataset/NotViolence/528track_7.avi
notviolence,dataset/NotViolence/6track_170.avi
violence,dataset/Violence/342track_1.avi
notviolence,dataset/NotViolence/608track_2.avi
notviolence,dataset/NotViolence/618track_12.avi
notviolence,dataset/NotViolence/750track_1.avi
violence,dataset/Violence/592track_21.avi
notviolence,dataset/NotViolence/246track_3.avi
violence,dataset/Violence/688track_5.avi
notviolence,dataset/NotViolence/831track_1.avi
violence,dataset/Violence/904track_2.avi
violence,dataset/Violence/225track_2.avi
notviolence,dataset/NotViolence/6track_158.avi
notviolence,dataset/NotViolence/279track_9.avi
notviolence,dataset/NotViolence/5track_9.avi
notviolence,dataset/NotViolence/6track_122.avi
violence,dataset/Violence/821track_3.avi
notviolence,dataset/NotViolence/945track_7.avi
violence,dataset/Violence/343track_28.avi
notviolence,dataset/NotViolence/261track_10.avi
violence,dataset/Violence/963track_2.avi
violence,dataset/Violence/914track_7.avi
notviolence,dataset/NotViolence/593track_13.avi
notviolence,dataset/NotViolence/596track_8.avi
violence,dataset/Violence/874track_2.avi
violence,dataset/Violence/967track_4.avi
notviolence,dataset/NotViolence/285track_1.avi
violence,dataset/Violence/348track_4.avi
violence,dataset/Violence/819track_2.avi
notviolence,dataset/NotViolence/885track_2.avi
violence,dataset/Violence/388track_14.avi
violence,dataset/Violence/592track_3.avi
violence,dataset/Violence/649track_3.avi
notviolence,dataset/NotViolence/607track_281.avi
notviolence,dataset/NotViolence/587track_1.avi
violence,dataset/Violence/327track_1.avi
notviolence,dataset/NotViolence/37track_11.avi
notviolence,dataset/NotViolence/236track_4.avi
notviolence,dataset/NotViolence/240track_12.avi
notviolence,dataset/NotViolence/332track_88.avi
violence,dataset/Violence/218track_5.avi
notviolence,dataset/NotViolence/236track_7.avi
violence,dataset/Violence/104track_2.avi
notviolence,dataset/NotViolence/197track_8.avi
violence,dataset/Violence/589track_2.avi
notviolence,dataset/NotViolence/729track_4.avi
violence,dataset/Violence/348track_15.avi
violence,dataset/Violence/358track_16.avi
violence,dataset/Violence/300track_5.avi
violence,dataset/Violence/369track_2.avi
notviolence,dataset/NotViolence/321track_14.avi
notviolence,dataset/NotViolence/243track_12.avi
violence,dataset/Violence/439track_4.avi
violence,dataset/Violence/306track_9.avi
notviolence,dataset/NotViolence/616track_5.avi
notviolence,dataset/NotViolence/64track_5.avi
violence,dataset/Violence/291track_11.avi
notviolence,dataset/NotViolence/267track_8.avi
violence,dataset/Violence/885track_7.avi
notviolence,dataset/NotViolence/847track_11.avi
notviolence,dataset/NotViolence/332track_90.avi
violence,dataset/Violence/924track_1.avi
notviolence,dataset/NotViolence/54track_6.avi
notviolence,dataset/NotViolence/14track_1.avi
violence,dataset/Violence/605track_1.avi
violence,dataset/Violence/399track_17.avi
violence,dataset/Violence/310track_1.avi
notviolence,dataset/NotViolence/225track_5.avi
violence,dataset/Violence/701track_8.avi
notviolence,dataset/NotViolence/501track_5.avi
violence,dataset/Violence/294track_5.avi
violence,dataset/Violence/397track_6.avi
notviolence,dataset/NotViolence/332track_107.avi
notviolence,dataset/NotViolence/529track_1.avi
notviolence,dataset/NotViolence/305track_3.avi
violence,dataset/Violence/342track_4.avi
notviolence,dataset/NotViolence/38track_11.avi
violence,dataset/Violence/821track_4.avi
violence,dataset/Violence/934track_2.avi
violence,dataset/Violence/415track_2.avi
notviolence,dataset/NotViolence/886track_8.avi
violence,dataset/Violence/904track_6.avi
notviolence,dataset/NotViolence/716track_8.avi
violence,dataset/Violence/653track_18.avi
notviolence,dataset/NotViolence/579track_1.avi
notviolence,dataset/NotViolence/669track_4.avi
violence,dataset/Violence/350track_2.avi
notviolence,dataset/NotViolence/332track_69.avi
notviolence,dataset/NotViolence/594track_16.avi
notviolence,dataset/NotViolence/594track_3.avi
violence,dataset/Violence/559track_5.avi
notviolence,dataset/NotViolence/6track_123.avi
violence,dataset/Violence/359track_23.avi
violence,dataset/Violence/242track_1.avi
notviolence,dataset/NotViolence/2track_4.avi
violence,dataset/Violence/234track_3.avi
notviolence,dataset/NotViolence/553track_7.avi
notviolence,dataset/NotViolence/814track_10.avi
violence,dataset/Violence/963track_1.avi
violence,dataset/Violence/729track_3.avi
violence,dataset/Violence/244track_16.avi
violence,dataset/Violence/607track_4.avi
violence,dataset/Violence/225track_1.avi
violence,dataset/Violence/229track_2.avi
notviolence,dataset/NotViolence/114track_2.avi
violence,dataset/Violence/30track_1.avi
violence,dataset/Violence/607track_2.avi
violence,dataset/Violence/483track_1.avi
notviolence,dataset/NotViolence/825track_9.avi
notviolence,dataset/NotViolence/255track_11.avi
notviolence,dataset/NotViolence/65track_6.avi
violence,dataset/Violence/361track_3.avi
violence,dataset/Violence/263track_2.avi
violence,dataset/Violence/595track_2.avi
violence,dataset/Violence/466track_3.avi
violence,dataset/Violence/918track_6.avi
notviolence,dataset/NotViolence/361track_6.avi
violence,dataset/Violence/501track_1.avi
violence,dataset/Violence/756track_6.avi
violence,dataset/Violence/641track_2.avi
notviolence,dataset/NotViolence/332track_6.avi
violence,dataset/Violence/217track_1.avi
violence,dataset/Violence/540track_9.avi
violence,dataset/Violence/609track_297.avi
violence,dataset/Violence/347track_7.avi
violence,dataset/Violence/703track_1.avi
notviolence,dataset/NotViolence/250track_10.avi
notviolence,dataset/NotViolence/347track_15.avi
notviolence,dataset/NotViolence/300track_1.avi
notviolence,dataset/NotViolence/609track_5.avi
notviolence,dataset/NotViolence/289track_7.avi
notviolence,dataset/NotViolence/623track_4.avi
notviolence,dataset/NotViolence/341track_6.avi
violence,dataset/Violence/651track_11.avi
violence,dataset/Violence/120track_1.avi
notviolence,dataset/NotViolence/885track_21.avi
violence,dataset/Violence/322track_4.avi
notviolence,dataset/NotViolence/237track_1.avi
notviolence,dataset/NotViolence/66track_8.avi
notviolence,dataset/NotViolence/292track_5.avi
notviolence,dataset/NotViolence/740track_3.avi
violence,dataset/Violence/984track_6.avi
violence,dataset/Violence/587track_5.avi
violence,dataset/Violence/62track_7.avi
violence,dataset/Violence/991track_2.avi
notviolence,dataset/NotViolence/255track_13.avi
violence,dataset/Violence/458track_3.avi
notviolence,dataset/NotViolence/203track_20.avi
violence,dataset/Violence/250track_2.avi
notviolence,dataset/NotViolence/537track_2.avi
notviolence,dataset/NotViolence/961track_3.avi
notviolence,dataset/NotViolence/388track_1.avi
notviolence,dataset/NotViolence/305track_14.avi
notviolence,dataset/NotViolence/589track_12.avi
notviolence,dataset/NotViolence/332track_78.avi
notviolence,dataset/NotViolence/204track_3.avi
violence,dataset/Violence/895track_2.avi
notviolence,dataset/NotViolence/588track_5.avi
notviolence,dataset/NotViolence/51track_23.avi
notviolence,dataset/NotViolence/240track_1.avi
notviolence,dataset/NotViolence/589track_30.avi
notviolence,dataset/NotViolence/13track_16.avi
notviolence,dataset/NotViolence/592track_2.avi
violence,dataset/Violence/731track_2.avi
violence,dataset/Violence/311track_4.avi
notviolence,dataset/NotViolence/332track_112.avi
violence,dataset/Violence/787track_4.avi
violence,dataset/Violence/1track_1.avi
notviolence,dataset/NotViolence/277track_8.avi
violence,dataset/Violence/203track_8.avi
notviolence,dataset/NotViolence/985track_13.avi
notviolence,dataset/NotViolence/200track_2.avi
notviolence,dataset/NotViolence/37track_12.avi
notviolence,dataset/NotViolence/332track_29.avi
notviolence,dataset/NotViolence/332track_22.avi
notviolence,dataset/NotViolence/498track_2.avi
violence,dataset/Violence/651track_3.avi
violence,dataset/Violence/179track_1.avi
notviolence,dataset/NotViolence/347track_17.avi
notviolence,dataset/NotViolence/883track_2.avi
violence,dataset/Violence/470track_1.avi
notviolence,dataset/NotViolence/920track_1.avi
notviolence,dataset/NotViolence/376track_1.avi
notviolence,dataset/NotViolence/534track_10.avi
notviolence,dataset/NotViolence/317track_5.avi
violence,dataset/Violence/392track_5.avi
violence,dataset/Violence/679track_2.avi
notviolence,dataset/NotViolence/623track_8.avi
notviolence,dataset/NotViolence/593track_4.avi
notviolence,dataset/NotViolence/152track_8.avi
notviolence,dataset/NotViolence/336track_16.avi
violence,dataset/Violence/66track_5.avi
violence,dataset/Violence/724track_1.avi
notviolence,dataset/NotViolence/759track_1.avi
notviolence,dataset/NotViolence/422track_3.avi
notviolence,dataset/NotViolence/4track_8.avi
violence,dataset/Violence/221track_2.avi
notviolence,dataset/NotViolence/112track_1.avi
notviolence,dataset/NotViolence/676track_3.avi
violence,dataset/Violence/644track_6.avi
violence,dataset/Violence/732track_4.avi
notviolence,dataset/NotViolence/332track_87.avi
notviolence,dataset/NotViolence/236track_13.avi
notviolence,dataset/NotViolence/332track_18.avi
violence,dataset/Violence/648track_13.avi
notviolence,dataset/NotViolence/688track_3.avi
violence,dataset/Violence/847track_3.avi
violence,dataset/Violence/832track_1.avi
notviolence,dataset/NotViolence/565track_16.avi
notviolence,dataset/NotViolence/251track_4.avi
notviolence,dataset/NotViolence/343track_22.avi
notviolence,dataset/NotViolence/4track_9.avi
violence,dataset/Violence/233track_1.avi
violence,dataset/Violence/658track_2.avi
notviolence,dataset/NotViolence/288track_4.avi
violence,dataset/Violence/126track_12.avi
notviolence,dataset/NotViolence/197track_25.avi
notviolence,dataset/NotViolence/261track_8.avi
violence,dataset/Violence/901track_8.avi
violence,dataset/Violence/949track_2.avi
notviolence,dataset/NotViolence/298track_6.avi
notviolence,dataset/NotViolence/121track_2.avi
notviolence,dataset/NotViolence/984track_1.avi
violence,dataset/Violence/145track_2.avi
notviolence,dataset/NotViolence/116track_10.avi
notviolence,dataset/NotViolence/587track_7.avi
notviolence,dataset/NotViolence/514track_3.avi
notviolence,dataset/NotViolence/945track_1.avi
violence,dataset/Violence/606track_1.avi
notviolence,dataset/NotViolence/522track_3.avi
notviolence,dataset/NotViolence/5track_12.avi
notviolence,dataset/NotViolence/47track_1.avi
notviolence,dataset/NotViolence/288track_5.avi
violence,dataset/Violence/494track_2.avi
violence,dataset/Violence/279track_30.avi
violence,dataset/Violence/584track_5.avi
violence,dataset/Violence/556track_1.avi
notviolence,dataset/NotViolence/30track_3.avi
violence,dataset/Violence/653track_11.avi
notviolence,dataset/NotViolence/670track_2.avi
notviolence,dataset/NotViolence/681track_8.avi
violence,dataset/Violence/159track_2.avi
violence,dataset/Violence/609track_312.avi
notviolence,dataset/NotViolence/863track_9.avi
violence,dataset/Violence/595track_1.avi
notviolence,dataset/NotViolence/655track_17.avi
violence,dataset/Violence/862track_7.avi
notviolence,dataset/NotViolence/814track_13.avi
violence,dataset/Violence/831track_3.avi
notviolence,dataset/NotViolence/474track_4.avi
notviolence,dataset/NotViolence/877track_3.avi
notviolence,dataset/NotViolence/291track_8.avi
notviolence,dataset/NotViolence/498track_1.avi
notviolence,dataset/NotViolence/450track_13.avi
violence,dataset/Violence/649track_7.avi
violence,dataset/Violence/91track_4.avi
violence,dataset/Violence/670track_9.avi
notviolence,dataset/NotViolence/358track_23.avi
notviolence,dataset/NotViolence/22track_2.avi
violence,dataset/Violence/534track_16.avi
violence,dataset/Violence/193track_22.avi
notviolence,dataset/NotViolence/689track_4.avi
violence,dataset/Violence/843track_1.avi
notviolence,dataset/NotViolence/883track_20.avi
notviolence,dataset/NotViolence/352track_9.avi
violence,dataset/Violence/223track_2.avi
violence,dataset/Violence/69track_9.avi
violence,dataset/Violence/347track_31.avi
violence,dataset/Violence/112track_2.avi
violence,dataset/Violence/864track_15.avi
notviolence,dataset/NotViolence/291track_2.avi
notviolence,dataset/NotViolence/559track_2.avi
violence,dataset/Violence/835track_3.avi
violence,dataset/Violence/460track_1.avi
violence,dataset/Violence/240track_6.avi
violence,dataset/Violence/231track_3.avi
violence,dataset/Violence/452track_1.avi
violence,dataset/Violence/483track_2.avi
notviolence,dataset/NotViolence/498track_12.avi
notviolence,dataset/NotViolence/148track_2.avi
notviolence,dataset/NotViolence/332track_105.avi
notviolence,dataset/NotViolence/116track_25.avi
notviolence,dataset/NotViolence/865track_6.avi
notviolence,dataset/NotViolence/286track_2.avi
notviolence,dataset/NotViolence/588track_1.avi
notviolence,dataset/NotViolence/250track_4.avi
notviolence,dataset/NotViolence/756track_1.avi
notviolence,dataset/NotViolence/860track_10.avi
violence,dataset/Violence/347track_24.avi
violence,dataset/Violence/440track_6.avi
notviolence,dataset/NotViolence/291track_14.avi
notviolence,dataset/NotViolence/557track_6.avi
violence,dataset/Violence/742track_1.avi
notviolence,dataset/NotViolence/425track_9.avi
notviolence,dataset/NotViolence/197track_1.avi
violence,dataset/Violence/197track_20.avi
notviolence,dataset/NotViolence/912track_14.avi
violence,dataset/Violence/6track_142.avi
notviolence,dataset/NotViolence/253track_8.avi
violence,dataset/Violence/155track_8.avi
notviolence,dataset/NotViolence/399track_28.avi
notviolence,dataset/NotViolence/594track_13.avi
notviolence,dataset/NotViolence/292track_20.avi
violence,dataset/Violence/205track_8.avi
notviolence,dataset/NotViolence/835track_13.avi
violence,dataset/Violence/892track_1.avi
notviolence,dataset/NotViolence/586track_12.avi
notviolence,dataset/NotViolence/288track_1.avi
violence,dataset/Violence/912track_1.avi
violence,dataset/Violence/594track_10.avi
notviolence,dataset/NotViolence/59track_2.avi
violence,dataset/Violence/122track_1.avi
notviolence,dataset/NotViolence/575track_3.avi
notviolence,dataset/NotViolence/538track_26.avi
violence,dataset/Violence/322track_1.avi
violence,dataset/Violence/417track_1.avi
notviolence,dataset/NotViolence/332track_48.avi
violence,dataset/Violence/635track_10.avi
violence,dataset/Violence/129track_15.avi
violence,dataset/Violence/653track_19.avi
violence,dataset/Violence/865track_8.avi
notviolence,dataset/NotViolence/719track_1.avi
violence,dataset/Violence/258track_2.avi
notviolence,dataset/NotViolence/342track_2.avi
notviolence,dataset/NotViolence/159track_19.avi
violence,dataset/Violence/347track_20.avi
violence,dataset/Violence/586track_27.avi
notviolence,dataset/NotViolence/100track_16.avi
notviolence,dataset/NotViolence/359track_25.avi
violence,dataset/Violence/348track_2.avi
violence,dataset/Violence/220track_3.avi
notviolence,dataset/NotViolence/847track_8.avi
notviolence,dataset/NotViolence/116track_18.avi
notviolence,dataset/NotViolence/588track_9.avi
violence,dataset/Violence/878track_16.avi
violence,dataset/Violence/985track_12.avi
violence,dataset/Violence/228track_1.avi
notviolence,dataset/NotViolence/30track_4.avi
notviolence,dataset/NotViolence/292track_13.avi
violence,dataset/Violence/906track_1.avi
notviolence,dataset/NotViolence/369track_7.avi
notviolence,dataset/NotViolence/589track_35.avi
notviolence,dataset/NotViolence/372track_12.avi
notviolence,dataset/NotViolence/682track_16.avi
notviolence,dataset/NotViolence/835track_9.avi
notviolence,dataset/NotViolence/600track_5.avi
notviolence,dataset/NotViolence/591track_4.avi
notviolence,dataset/NotViolence/835track_24.avi
notviolence,dataset/NotViolence/207track_3.avi
notviolence,dataset/NotViolence/249track_5.avi
notviolence,dataset/NotViolence/341track_9.avi
notviolence,dataset/NotViolence/631track_2.avi
notviolence,dataset/NotViolence/6track_187.avi
violence,dataset/Violence/862track_22.avi
notviolence,dataset/NotViolence/700track_2.avi
violence,dataset/Violence/349track_2.avi
notviolence,dataset/NotViolence/625track_2.avi
notviolence,dataset/NotViolence/970track_6.avi
violence,dataset/Violence/374track_5.avi
notviolence,dataset/NotViolence/288track_7.avi
notviolence,dataset/NotViolence/2track_63.avi
violence,dataset/Violence/289track_4.avi
notviolence,dataset/NotViolence/336track_17.avi
violence,dataset/Violence/85track_1.avi
notviolence,dataset/NotViolence/636track_5.avi
violence,dataset/Violence/343track_12.avi
notviolence,dataset/NotViolence/912track_13.avi
notviolence,dataset/NotViolence/267track_2.avi
violence,dataset/Violence/878track_3.avi
violence,dataset/Violence/632track_11.avi
violence,dataset/Violence/859track_2.avi
violence,dataset/Violence/361track_2.avi
violence,dataset/Violence/587track_13.avi
notviolence,dataset/NotViolence/47track_9.avi
violence,dataset/Violence/738track_1.avi
violence,dataset/Violence/886track_9.avi
notviolence,dataset/NotViolence/608track_8.avi
notviolence,dataset/NotViolence/616track_3.avi
violence,dataset/Violence/729track_7.avi
violence,dataset/Violence/6track_2.avi
violence,dataset/Violence/961track_1.avi
notviolence,dataset/NotViolence/392track_6.avi
violence,dataset/Violence/914track_4.avi
notviolence,dataset/NotViolence/831track_2.avi
notviolence,dataset/NotViolence/586track_3.avi
notviolence,dataset/NotViolence/332track_8.avi
violence,dataset/Violence/213track_2.avi
violence,dataset/Violence/819track_1.avi
notviolence,dataset/NotViolence/563track_1.avi
violence,dataset/Violence/911track_11.avi
violence,dataset/Violence/358track_1.avi
violence,dataset/Violence/906track_2.avi
violence,dataset/Violence/637track_13.avi
violence,dataset/Violence/739track_1.avi
notviolence,dataset/NotViolence/731track_11.avi
violence,dataset/Violence/887track_3.avi
notviolence,dataset/NotViolence/204track_2.avi
notviolence,dataset/NotViolence/608track_297.avi
violence,dataset/Violence/218track_21.avi
notviolence,dataset/NotViolence/680track_2.avi
notviolence,dataset/NotViolence/553track_18.avi
notviolence,dataset/NotViolence/305track_7.avi
notviolence,dataset/NotViolence/6track_115.avi
notviolence,dataset/NotViolence/332track_11.avi
notviolence,dataset/NotViolence/240track_11.avi
notviolence,dataset/NotViolence/604track_3.avi
violence,dataset/Violence/651track_16.avi
notviolence,dataset/NotViolence/152track_2.avi
notviolence,dataset/NotViolence/895track_3.avi
violence,dataset/Violence/79track_1.avi
violence,dataset/Violence/116track_14.avi
notviolence,dataset/NotViolence/584track_4.avi
notviolence,dataset/NotViolence/548track_1.avi
violence,dataset/Violence/676track_1.avi
violence,dataset/Violence/609track_10.avi
notviolence,dataset/NotViolence/332track_44.avi
violence,dataset/Violence/214track_4.avi
violence,dataset/Violence/761track_3.avi
violence,dataset/Violence/347track_12.avi
notviolence,dataset/NotViolence/321track_2.avi
notviolence,dataset/NotViolence/237track_10.avi
notviolence,dataset/NotViolence/236track_6.avi
notviolence,dataset/NotViolence/886track_5.avi
violence,dataset/Violence/119track_2.avi
notviolence,dataset/NotViolence/54track_7.avi
violence,dataset/Violence/258track_3.avi
notviolence,dataset/NotViolence/587track_38.avi
notviolence,dataset/NotViolence/740track_7.avi
notviolence,dataset/NotViolence/189track_4.avi
notviolence,dataset/NotViolence/305track_4.avi
notviolence,dataset/NotViolence/286track_1.avi
violence,dataset/Violence/787track_3.avi
violence,dataset/Violence/537track_7.avi
violence,dataset/Violence/599track_1.avi
violence,dataset/Violence/249track_3.avi
notviolence,dataset/NotViolence/606track_11.avi
violence,dataset/Violence/323track_1.avi
violence,dataset/Violence/865track_4.avi
notviolence,dataset/NotViolence/358track_14.avi
notviolence,dataset/NotViolence/587track_33.avi
notviolence,dataset/NotViolence/127track_3.avi
violence,dataset/Violence/584track_10.avi
violence,dataset/Violence/228track_8.avi
violence,dataset/Violence/405track_1.avi
violence,dataset/Violence/848track_3.avi
notviolence,dataset/NotViolence/304track_3.avi
violence,dataset/Violence/468track_1.avi
notviolence,dataset/NotViolence/332track_119.avi
notviolence,dataset/NotViolence/860track_4.avi
violence,dataset/Violence/585track_1.avi
notviolence,dataset/NotViolence/199track_29.avi
violence,dataset/Violence/379track_1.avi
violence,dataset/Violence/591track_1.avi
notviolence,dataset/NotViolence/767track_2.avi
notviolence,dataset/NotViolence/305track_1.avi
notviolence,dataset/NotViolence/722track_5.avi
violence,dataset/Violence/733track_1.avi
notviolence,dataset/NotViolence/867track_14.avi
violence,dataset/Violence/911track_1.avi
notviolence,dataset/NotViolence/216track_20.avi
notviolence,dataset/NotViolence/2track_6.avi
violence,dataset/Violence/633track_1.avi
notviolence,dataset/NotViolence/689track_3.avi
violence,dataset/Violence/218track_8.avi
notviolence,dataset/NotViolence/886track_3.avi
notviolence,dataset/NotViolence/358track_18.avi
violence,dataset/Violence/406track_15.avi
violence,dataset/Violence/719track_8.avi
violence,dataset/Violence/607track_278.avi
notviolence,dataset/NotViolence/250track_5.avi
violence,dataset/Violence/332track_2.avi
violence,dataset/Violence/388track_7.avi
violence,dataset/Violence/197track_5.avi
notviolence,dataset/NotViolence/537track_4.avi
notviolence,dataset/NotViolence/934track_1.avi
violence,dataset/Violence/215track_4.avi
notviolence,dataset/NotViolence/587track_39.avi
notviolence,dataset/NotViolence/625track_7.avi
notviolence,dataset/NotViolence/557track_5.avi
notviolence,dataset/NotViolence/649track_11.avi
notviolence,dataset/NotViolence/522track_1.avi
violence,dataset/Violence/653track_6.avi
notviolence,dataset/NotViolence/249track_2.avi
notviolence,dataset/NotViolence/347track_18.avi
violence,dataset/Violence/306track_2.avi
notviolence,dataset/NotViolence/337track_6.avi
notviolence,dataset/NotViolence/583track_3.avi
violence,dataset/Violence/844track_11.avi
notviolence,dataset/NotViolence/475track_4.avi
notviolence,dataset/NotViolence/251track_1.avi
notviolence,dataset/NotViolence/632track_19.avi
notviolence,dataset/NotViolence/534track_1.avi
notviolence,dataset/NotViolence/291track_15.avi
violence,dataset/Violence/365track_2.avi
violence,dataset/Violence/347track_5.avi
notviolence,dataset/NotViolence/342track_5.avi
notviolence,dataset/NotViolence/835track_28.avi
notviolence,dataset/NotViolence/126track_7.avi
violence,dataset/Violence/835track_5.avi
violence,dataset/Violence/6track_135.avi
notviolence,dataset/NotViolence/332track_67.avi
violence,dataset/Violence/347track_3.avi
notviolence,dataset/NotViolence/256track_2.avi
violence,dataset/Violence/343track_9.avi
notviolence,dataset/NotViolence/529track_12.avi
violence,dataset/Violence/118track_1.avi
violence,dataset/Violence/827track_17.avi
violence,dataset/Violence/236track_15.avi
violence,dataset/Violence/2track_35.avi
notviolence,dataset/NotViolence/632track_6.avi
notviolence,dataset/NotViolence/593track_15.avi
violence,dataset/Violence/829track_3.avi
violence,dataset/Violence/2track_17.avi
violence,dataset/Violence/762track_3.avi
violence,dataset/Violence/217track_2.avi
violence,dataset/Violence/343track_3.avi
violence,dataset/Violence/62track_3.avi
notviolence,dataset/NotViolence/643track_17.avi
notviolence,dataset/NotViolence/348track_7.avi
violence,dataset/Violence/586track_19.avi
violence,dataset/Violence/218track_16.avi
violence,dataset/Violence/205track_3.avi
violence,dataset/Violence/566track_3.avi
violence,dataset/Violence/265track_1.avi
violence,dataset/Violence/653track_4.avi
notviolence,dataset/NotViolence/79track_7.avi
notviolence,dataset/NotViolence/62track_6.avi
violence,dataset/Violence/347track_2.avi
notviolence,dataset/NotViolence/251track_7.avi
notviolence,dataset/NotViolence/462track_7.avi
notviolence,dataset/NotViolence/835track_16.avi
violence,dataset/Violence/652track_1.avi
violence,dataset/Violence/763track_6.avi
violence,dataset/Violence/247track_3.avi
violence,dataset/Violence/588track_4.avi
violence,dataset/Violence/864track_8.avi
violence,dataset/Violence/512track_5.avi
notviolence,dataset/NotViolence/348track_13.avi
notviolence,dataset/NotViolence/343track_7.avi
violence,dataset/Violence/618track_8.avi
violence,dataset/Violence/104track_4.avi
notviolence,dataset/NotViolence/336track_7.avi
violence,dataset/Violence/459track_2.avi
notviolence,dataset/NotViolence/256track_8.avi
violence,dataset/Violence/110track_4.avi
notviolence,dataset/NotViolence/583track_18.avi
notviolence,dataset/NotViolence/587track_20.avi
violence,dataset/Violence/583track_10.avi
violence,dataset/Violence/269track_2.avi
violence,dataset/Violence/974track_21.avi
violence,dataset/Violence/580track_1.avi
violence,dataset/Violence/289track_14.avi
violence,dataset/Violence/828track_2.avi
notviolence,dataset/NotViolence/332track_83.avi
notviolence,dataset/NotViolence/156track_5.avi
notviolence,dataset/NotViolence/568track_11.avi
notviolence,dataset/NotViolence/670track_4.avi
violence,dataset/Violence/761track_2.avi
notviolence,dataset/NotViolence/277track_9.avi
notviolence,dataset/NotViolence/745track_2.avi
notviolence,dataset/NotViolence/341track_10.avi
violence,dataset/Violence/317track_7.avi
violence,dataset/Violence/632track_15.avi
notviolence,dataset/NotViolence/606track_270.avi
notviolence,dataset/NotViolence/844track_18.avi
notviolence,dataset/NotViolence/388track_19.avi
violence,dataset/Violence/343track_18.avi
notviolence,dataset/NotViolence/256track_3.avi
notviolence,dataset/NotViolence/724track_4.avi
violence,dataset/Violence/644track_2.avi
violence,dataset/Violence/606track_6.avi
violence,dataset/Violence/413track_2.avi
violence,dataset/Violence/595track_4.avi
notviolence,dataset/NotViolence/974track_14.avi
notviolence,dataset/NotViolence/475track_7.avi
violence,dataset/Violence/608track_280.avi
notviolence,dataset/NotViolence/347track_29.avi
notviolence,dataset/NotViolence/299track_1.avi
violence,dataset/Violence/269track_1.avi
notviolence,dataset/NotViolence/332track_51.avi
notviolence,dataset/NotViolence/159track_5.avi
notviolence,dataset/NotViolence/538track_13.avi
notviolence,dataset/NotViolence/332track_114.avi
violence,dataset/Violence/171track_1.avi
notviolence,dataset/NotViolence/587track_27.avi
violence,dataset/Violence/125track_10.avi
notviolence,dataset/NotViolence/204track_4.avi
violence,dataset/Violence/219track_6.avi
violence,dataset/Violence/570track_9.avi
violence,dataset/Violence/729track_1.avi
notviolence,dataset/NotViolence/332track_56.avi
violence,dataset/Violence/197track_14.avi
notviolence,dataset/NotViolence/218track_2.avi
notviolence,dataset/NotViolence/583track_17.avi
notviolence,dataset/NotViolence/538track_17.avi
notviolence,dataset/NotViolence/588track_34.avi
notviolence,dataset/NotViolence/993track_1.avi
violence,dataset/Violence/474track_2.avi
notviolence,dataset/NotViolence/6track_136.avi
notviolence,dataset/NotViolence/895track_7.avi
notviolence,dataset/NotViolence/587track_16.avi
notviolence,dataset/NotViolence/336track_18.avi
notviolence,dataset/NotViolence/935track_1.avi
violence,dataset/Violence/359track_22.avi
violence,dataset/Violence/673track_2.avi
notviolence,dataset/NotViolence/846track_1.avi
violence,dataset/Violence/923track_2.avi
violence,dataset/Violence/926track_2.avi
notviolence,dataset/NotViolence/391track_4.avi
notviolence,dataset/NotViolence/254track_7.avi
notviolence,dataset/NotViolence/603track_5.avi
notviolence,dataset/NotViolence/359track_5.avi
violence,dataset/Violence/633track_2.avi
violence,dataset/Violence/359track_24.avi
notviolence,dataset/NotViolence/672track_5.avi
notviolence,dataset/NotViolence/205track_2.avi
violence,dataset/Violence/187track_2.avi
violence,dataset/Violence/126track_2.avi
notviolence,dataset/NotViolence/847track_13.avi
violence,dataset/Violence/559track_4.avi
violence,dataset/Violence/653track_7.avi
violence,dataset/Violence/156track_2.avi
violence,dataset/Violence/617track_1.avi
violence,dataset/Violence/336track_3.avi
violence,dataset/Violence/653track_1.avi
notviolence,dataset/NotViolence/416track_5.avi
violence,dataset/Violence/608track_3.avi
violence,dataset/Violence/113track_4.avi
notviolence,dataset/NotViolence/236track_12.avi
violence,dataset/Violence/721track_6.avi
violence,dataset/Violence/959track_8.avi
violence,dataset/Violence/348track_1.avi
violence,dataset/Violence/150track_2.avi
notviolence,dataset/NotViolence/641track_4.avi
violence,dataset/Violence/203track_5.avi
violence,dataset/Violence/352track_1.avi
violence,dataset/Violence/99track_2.avi
violence,dataset/Violence/283track_1.avi
violence,dataset/Violence/258track_1.avi
notviolence,dataset/NotViolence/148track_5.avi
notviolence,dataset/NotViolence/451track_4.avi
notviolence,dataset/NotViolence/593track_11.avi
violence,dataset/Violence/717track_3.avi
notviolence,dataset/NotViolence/113track_1.avi
notviolence,dataset/NotViolence/352track_2.avi
notviolence,dataset/NotViolence/332track_62.avi
notviolence,dataset/NotViolence/6track_127.avi
violence,dataset/Violence/349track_1.avi
violence,dataset/Violence/556track_258.avi
violence,dataset/Violence/277track_1.avi
violence,dataset/Violence/618track_4.avi
notviolence,dataset/NotViolence/64track_3.avi
notviolence,dataset/NotViolence/292track_15.avi
violence,dataset/Violence/568track_9.avi
notviolence,dataset/NotViolence/64track_4.avi
violence,dataset/Violence/600track_2.avi
notviolence,dataset/NotViolence/317track_4.avi
notviolence,dataset/NotViolence/388track_18.avi
notviolence,dataset/NotViolence/292track_12.avi
violence,dataset/Violence/988track_1.avi
notviolence,dataset/NotViolence/884track_6.avi
violence,dataset/Violence/163track_1.avi
notviolence,dataset/NotViolence/468track_3.avi
violence,dataset/Violence/198track_3.avi
violence,dataset/Violence/633track_3.avi
notviolence,dataset/NotViolence/332track_66.avi
notviolence,dataset/NotViolence/703track_4.avi
violence,dataset/Violence/319track_12.avi
notviolence,dataset/NotViolence/332track_4.avi
violence,dataset/Violence/358track_20.avi
notviolence,dataset/NotViolence/332track_74.avi
notviolence,dataset/NotViolence/287track_1.avi
notviolence,dataset/NotViolence/347track_23.avi
violence,dataset/Violence/764track_3.avi
notviolence,dataset/NotViolence/19track_7.avi
notviolence,dataset/NotViolence/587track_3.avi
violence,dataset/Violence/204track_25.avi
violence,dataset/Violence/145track_4.avi
violence,dataset/Violence/211track_1.avi
violence,dataset/Violence/252track_7.avi
notviolence,dataset/NotViolence/306track_6.avi
violence,dataset/Violence/155track_1.avi
violence,dataset/Violence/580track_2.avi
violence,dataset/Violence/173track_1.avi
notviolence,dataset/NotViolence/332track_89.avi
notviolence,dataset/NotViolence/475track_8.avi
notviolence,dataset/NotViolence/6track_172.avi
notviolence,dataset/NotViolence/439track_2.avi
notviolence,dataset/NotViolence/292track_1.avi
violence,dataset/Violence/242track_6.avi
violence,dataset/Violence/217track_13.avi
violence,dataset/Violence/828track_4.avi
violence,dataset/Violence/718track_3.avi
violence,dataset/Violence/216track_1.avi
violence,dataset/Violence/193track_2.avi
notviolence,dataset/NotViolence/643track_2.avi
violence,dataset/Violence/679track_3.avi
violence,dataset/Violence/57track_1.avi
violence,dataset/Violence/918track_9.avi
notviolence,dataset/NotViolence/336track_13.avi
violence,dataset/Violence/887track_1.avi
notviolence,dataset/NotViolence/6track_154.avi
violence,dataset/Violence/231track_4.avi
violence,dataset/Violence/292track_6.avi
notviolence,dataset/NotViolence/253track_5.avi
violence,dataset/Violence/445track_250.avi
notviolence,dataset/NotViolence/336track_6.avi
violence,dataset/Violence/776track_4.avi
notviolence,dataset/NotViolence/267track_3.avi
notviolence,dataset/NotViolence/388track_21.avi
violence,dataset/Violence/199track_5.avi
notviolence,dataset/NotViolence/343track_26.avi
violence,dataset/Violence/723track_7.avi
violence,dataset/Violence/664track_1.avi
notviolence,dataset/NotViolence/458track_9.avi
notviolence,dataset/NotViolence/51track_8.avi
violence,dataset/Violence/1track_2.avi
violence,dataset/Violence/430track_1.avi
violence,dataset/Violence/184track_2.avi
violence,dataset/Violence/589track_31.avi
notviolence,dataset/NotViolence/587track_9.avi
notviolence,dataset/NotViolence/458track_8.avi
notviolence,dataset/NotViolence/204track_15.avi
violence,dataset/Violence/844track_2.avi
notviolence,dataset/NotViolence/253track_1.avi
notviolence,dataset/NotViolence/775track_9.avi
notviolence,dataset/NotViolence/99track_8.avi
notviolence,dataset/NotViolence/700track_5.avi
violence,dataset/Violence/680track_12.avi
violence,dataset/Violence/895track_1.avi
violence,dataset/Violence/376track_6.avi
violence,dataset/Violence/279track_26.avi
notviolence,dataset/NotViolence/649track_8.avi
violence,dataset/Violence/304track_2.avi
notviolence,dataset/NotViolence/253track_2.avi
notviolence,dataset/NotViolence/740track_1.avi
violence,dataset/Violence/209track_1.avi
violence,dataset/Violence/433track_1.avi
violence,dataset/Violence/635track_3.avi
violence,dataset/Violence/294track_1.avi
notviolence,dataset/NotViolence/617track_5.avi
notviolence,dataset/NotViolence/336track_15.avi
notviolence,dataset/NotViolence/9track_3.avi
violence,dataset/Violence/198track_7.avi
notviolence,dataset/NotViolence/810track_7.avi
violence,dataset/Violence/132track_1.avi
notviolence,dataset/NotViolence/625track_6.avi
notviolence,dataset/NotViolence/731track_7.avi
violence,dataset/Violence/449track_2.avi
notviolence,dataset/NotViolence/305track_9.avi
violence,dataset/Violence/652track_4.avi
notviolence,dataset/NotViolence/468track_5.avi
notviolence,dataset/NotViolence/655track_13.avi
violence,dataset/Violence/101track_1.avi
notviolence,dataset/NotViolence/66track_1.avi
notviolence,dataset/NotViolence/114track_19.avi
notviolence,dataset/NotViolence/116track_19.avi
notviolence,dataset/NotViolence/399track_8.avi
violence,dataset/Violence/193track_24.avi
notviolence,dataset/NotViolence/314track_2.avi
notviolence,dataset/NotViolence/49track_5.avi
violence,dataset/Violence/636track_2.avi
notviolence,dataset/NotViolence/540track_8.avi
notviolence,dataset/NotViolence/617track_16.avi
violence,dataset/Violence/954track_2.avi
notviolence,dataset/NotViolence/305track_10.avi
violence,dataset/Violence/688track_2.avi
notviolence,dataset/NotViolence/391track_1.avi
notviolence,dataset/NotViolence/67track_4.avi
violence,dataset/Violence/540track_1.avi
violence,dataset/Violence/736track_1.avi
violence,dataset/Violence/391track_3.avi
violence,dataset/Violence/374track_1.avi
notviolence,dataset/NotViolence/514track_2.avi
notviolence,dataset/NotViolence/553track_20.avi
violence,dataset/Violence/200track_3.avi
notviolence,dataset/NotViolence/358track_25.avi
notviolence,dataset/NotViolence/865track_3.avi
violence,dataset/Violence/643track_13.avi
notviolence,dataset/NotViolence/527track_5.avi
violence,dataset/Violence/738track_7.avi
notviolence,dataset/NotViolence/207track_2.avi
violence,dataset/Violence/167track_1.avi
notviolence,dataset/NotViolence/244track_10.avi
violence,dataset/Violence/76track_6.avi
notviolence,dataset/NotViolence/591track_15.avi
notviolence,dataset/NotViolence/225track_3.avi
violence,dataset/Violence/264track_1.avi
violence,dataset/Violence/21track_2.avi
notviolence,dataset/NotViolence/100track_20.avi
violence,dataset/Violence/363track_3.avi
notviolence,dataset/NotViolence/599track_3.avi
notviolence,dataset/NotViolence/147track_7.avi
notviolence,dataset/NotViolence/867track_6.avi
notviolence,dataset/NotViolence/647track_3.avi
notviolence,dataset/NotViolence/230track_9.avi
notviolence,dataset/NotViolence/226track_7.avi
notviolence,dataset/NotViolence/6track_156.avi
notviolence,dataset/NotViolence/475track_11.avi
violence,dataset/Violence/114track_18.avi
violence,dataset/Violence/451track_1.avi
violence,dataset/Violence/64track_6.avi
violence,dataset/Violence/298track_3.avi
violence,dataset/Violence/812track_3.avi
notviolence,dataset/NotViolence/348track_21.avi
violence,dataset/Violence/376track_7.avi
notviolence,dataset/NotViolence/956track_3.avi
notviolence,dataset/NotViolence/86track_2.avi
notviolence,dataset/NotViolence/336track_5.avi
violence,dataset/Violence/835track_27.avi
violence,dataset/Violence/848track_5.avi
violence,dataset/Violence/673track_8.avi
notviolence,dataset/NotViolence/586track_20.avi
violence,dataset/Violence/456track_2.avi
notviolence,dataset/NotViolence/475track_1.avi
notviolence,dataset/NotViolence/203track_2.avi
notviolence,dataset/NotViolence/159track_4.avi
violence,dataset/Violence/868track_2.avi
violence,dataset/Violence/512track_1.avi
violence,dataset/Violence/667track_1.avi
violence,dataset/Violence/143track_4.avi
violence,dataset/Violence/790track_1.avi
violence,dataset/Violence/658track_4.avi
violence,dataset/Violence/579track_5.avi
notviolence,dataset/NotViolence/199track_26.avi
notviolence,dataset/NotViolence/256track_1.avi
violence,dataset/Violence/647track_4.avi
notviolence,dataset/NotViolence/51track_17.avi
notviolence,dataset/NotViolence/588track_7.avi
notviolence,dataset/NotViolence/587track_29.avi
notviolence,dataset/NotViolence/277track_7.avi
notviolence,dataset/NotViolence/148track_7.avi
violence,dataset/Violence/92track_1.avi
violence,dataset/Violence/363track_1.avi
violence,dataset/Violence/633track_7.avi
notviolence,dataset/NotViolence/292track_7.avi
notviolence,dataset/NotViolence/661track_4.avi
violence,dataset/Violence/358track_13.avi
violence,dataset/Violence/878track_2.avi
violence,dataset/Violence/704track_2.avi
violence,dataset/Violence/660track_5.avi
notviolence,dataset/NotViolence/261track_11.avi
violence,dataset/Violence/935track_2.avi
violence,dataset/Violence/883track_3.avi
violence,dataset/Violence/461track_6.avi
violence,dataset/Violence/630track_3.avi
notviolence,dataset/NotViolence/839track_3.avi
notviolence,dataset/NotViolence/821track_1.avi
notviolence,dataset/NotViolence/286track_9.avi
notviolence,dataset/NotViolence/332track_40.avi
notviolence,dataset/NotViolence/4track_2.avi
notviolence,dataset/NotViolence/660track_8.avi
notviolence,dataset/NotViolence/332track_65.avi
notviolence,dataset/NotViolence/253track_12.avi
notviolence,dataset/NotViolence/565track_6.avi
notviolence,dataset/NotViolence/731track_4.avi
notviolence,dataset/NotViolence/292track_10.avi
notviolence,dataset/NotViolence/305track_16.avi
notviolence,dataset/NotViolence/332track_73.avi
notviolence,dataset/NotViolence/5track_6.avi
notviolence,dataset/NotViolence/216track_7.avi
notviolence,dataset/NotViolence/430track_4.avi
notviolence,dataset/NotViolence/218track_1.avi
notviolence,dataset/NotViolence/895track_5.avi
notviolence,dataset/NotViolence/79track_6.avi
notviolence,dataset/NotViolence/204track_7.avi
violence,dataset/Violence/816track_2.avi
violence,dataset/Violence/188track_4.avi
notviolence,dataset/NotViolence/168track_1.avi
violence,dataset/Violence/730track_1.avi
notviolence,dataset/NotViolence/498track_18.avi
violence,dataset/Violence/635track_12.avi
notviolence,dataset/NotViolence/6track_165.avi
notviolence,dataset/NotViolence/58track_1.avi
violence,dataset/Violence/159track_13.avi
violence,dataset/Violence/216track_19.avi
notviolence,dataset/NotViolence/145track_8.avi
violence,dataset/Violence/858track_5.avi
violence,dataset/Violence/850track_2.avi
violence,dataset/Violence/736track_3.avi
notviolence,dataset/NotViolence/292track_9.avi
notviolence,dataset/NotViolence/585track_3.avi
notviolence,dataset/NotViolence/332track_33.avi
notviolence,dataset/NotViolence/202track_10.avi
violence,dataset/Violence/513track_15.avi
notviolence,dataset/NotViolence/956track_2.avi
violence,dataset/Violence/350track_1.avi
violence,dataset/Violence/375track_1.avi
violence,dataset/Violence/920track_5.avi
notviolence,dataset/NotViolence/283track_9.avi
violence,dataset/Violence/824track_2.avi
violence,dataset/Violence/739track_2.avi
notviolence,dataset/NotViolence/906track_4.avi
violence,dataset/Violence/466track_2.avi
notviolence,dataset/NotViolence/402track_2.avi
notviolence,dataset/NotViolence/632track_25.avi
notviolence,dataset/NotViolence/62track_9.avi
notviolence,dataset/NotViolence/612track_7.avi
notviolence,dataset/NotViolence/589track_16.avi
violence,dataset/Violence/629track_3.avi
violence,dataset/Violence/236track_5.avi
notviolence,dataset/NotViolence/308track_2.avi
notviolence,dataset/NotViolence/151track_14.avi
violence,dataset/Violence/142track_1.avi
notviolence,dataset/NotViolence/332track_7.avi
violence,dataset/Violence/651track_5.avi
violence,dataset/Violence/198track_2.avi
violence,dataset/Violence/232track_1.avi
notviolence,dataset/NotViolence/19track_4.avi
violence,dataset/Violence/805track_5.avi
notviolence,dataset/NotViolence/566track_12.avi
notviolence,dataset/NotViolence/738track_3.avi
notviolence,dataset/NotViolence/906track_12.avi
notviolence,dataset/NotViolence/110track_6.avi
notviolence,dataset/NotViolence/152track_11.avi
notviolence,dataset/NotViolence/252track_8.avi
notviolence,dataset/NotViolence/584track_1.avi
notviolence,dataset/NotViolence/260track_8.avi
violence,dataset/Violence/527track_2.avi
notviolence,dataset/NotViolence/399track_6.avi
violence,dataset/Violence/511track_1.avi
notviolence,dataset/NotViolence/579track_2.avi
notviolence,dataset/NotViolence/285track_7.avi
notviolence,dataset/NotViolence/332track_122.avi
notviolence,dataset/NotViolence/397track_1.avi
violence,dataset/Violence/348track_12.avi
notviolence,dataset/NotViolence/722track_9.avi
notviolence,dataset/NotViolence/193track_8.avi
violence,dataset/Violence/126track_9.avi
notviolence,dataset/NotViolence/332track_5.avi
notviolence,dataset/NotViolence/202track_2.avi
notviolence,dataset/NotViolence/535track_2.avi
violence,dataset/Violence/717track_5.avi
violence,dataset/Violence/864track_6.avi
notviolence,dataset/NotViolence/635track_19.avi
violence,dataset/Violence/234track_1.avi
notviolence,dataset/NotViolence/763track_7.avi
notviolence,dataset/NotViolence/399track_29.avi
notviolence,dataset/NotViolence/199track_14.avi
notviolence,dataset/NotViolence/332track_54.avi
notviolence,dataset/NotViolence/218track_19.avi
notviolence,dataset/NotViolence/589track_20.avi
violence,dataset/Violence/841track_1.avi
violence,dataset/Violence/488track_4.avi
violence,dataset/Violence/866track_2.avi
notviolence,dataset/NotViolence/113track_6.avi
violence,dataset/Violence/933track_1.avi
violence,dataset/Violence/593track_2.avi
violence,dataset/Violence/673track_4.avi
violence,dataset/Violence/630track_9.avi
violence,dataset/Violence/279track_15.avi
violence,dataset/Violence/65track_1.avi
notviolence,dataset/NotViolence/99track_4.avi
notviolence,dataset/NotViolence/193track_3.avi
notviolence,dataset/NotViolence/152track_16.avi
notviolence,dataset/NotViolence/632track_21.avi
notviolence,dataset/NotViolence/6track_3.avi
notviolence,dataset/NotViolence/920track_3.avi
violence,dataset/Violence/859track_1.avi
notviolence,dataset/NotViolence/200track_17.avi
violence,dataset/Violence/976track_2.avi
notviolence,dataset/NotViolence/451track_11.avi
violence,dataset/Violence/203track_9.avi
violence,dataset/Violence/974track_18.avi
violence,dataset/Violence/587track_21.avi
notviolence,dataset/NotViolence/159track_3.avi
notviolence,dataset/NotViolence/183track_2.avi
notviolence,dataset/NotViolence/340track_4.avi
notviolence,dataset/NotViolence/332track_101.avi
notviolence,dataset/NotViolence/317track_9.avi
violence,dataset/Violence/820track_1.avi
violence,dataset/Violence/865track_1.avi
violence,dataset/Violence/957track_1.avi
notviolence,dataset/NotViolence/568track_1.avi
notviolence,dataset/NotViolence/586track_8.avi
notviolence,dataset/NotViolence/612track_1.avi
violence,dataset/Violence/814track_14.avi
violence,dataset/Violence/219track_1.avi
notviolence,dataset/NotViolence/920track_2.avi
notviolence,dataset/NotViolence/668track_17.avi
violence,dataset/Violence/767track_5.avi
notviolence,dataset/NotViolence/33track_5.avi
notviolence,dataset/NotViolence/288track_8.avi
violence,dataset/Violence/660track_4.avi
violence,dataset/Violence/652track_5.avi
notviolence,dataset/NotViolence/860track_2.avi
violence,dataset/Violence/454track_2.avi
violence,dataset/Violence/2track_9.avi
violence,dataset/Violence/185track_1.avi
notviolence,dataset/NotViolence/21track_3.avi
violence,dataset/Violence/445track_1.avi
violence,dataset/Violence/385track_3.avi
notviolence,dataset/NotViolence/606track_278.avi
violence,dataset/Violence/239track_2.avi
violence,dataset/Violence/951track_1.avi
notviolence,dataset/NotViolence/939track_12.avi
notviolence,dataset/NotViolence/589track_33.avi
notviolence,dataset/NotViolence/269track_13.avi
notviolence,dataset/NotViolence/587track_37.avi
violence,dataset/Violence/596track_4.avi
violence,dataset/Violence/163track_3.avi
notviolence,dataset/NotViolence/240track_3.avi
notviolence,dataset/NotViolence/536track_2.avi
violence,dataset/Violence/79track_9.avi
violence,dataset/Violence/788track_2.avi
violence,dataset/Violence/259track_1.avi
violence,dataset/Violence/318track_6.avi
notviolence,dataset/NotViolence/332track_64.avi
notviolence,dataset/NotViolence/451track_2.avi
notviolence,dataset/NotViolence/286track_10.avi
notviolence,dataset/NotViolence/529track_16.avi
violence,dataset/Violence/139track_2.avi
notviolence,dataset/NotViolence/814track_7.avi
notviolence,dataset/NotViolence/202track_1.avi
violence,dataset/Violence/632track_2.avi
notviolence,dataset/NotViolence/593track_8.avi
notviolence,dataset/NotViolence/864track_11.avi
notviolence,dataset/NotViolence/609track_306.avi
violence,dataset/Violence/885track_3.avi
notviolence,dataset/NotViolence/335track_2.avi
notviolence,dataset/NotViolence/128track_3.avi
notviolence,dataset/NotViolence/450track_18.avi
violence,dataset/Violence/664track_5.avi
violence,dataset/Violence/245track_3.avi
violence,dataset/Violence/846track_2.avi
violence,dataset/Violence/455track_1.avi
notviolence,dataset/NotViolence/291track_13.avi
violence,dataset/Violence/635track_8.avi
violence,dataset/Violence/67track_3.avi
notviolence,dataset/NotViolence/864track_2.avi
notviolence,dataset/NotViolence/707track_8.avi
violence,dataset/Violence/655track_6.avi
